{
  "stats": {
    "minecraft:picked_up": {
      "minecraft:rabbit": 3,
      "minecraft:rabbit_hide": 3,
      "minecraft:diamond": 2,
      "minecraft:gunpowder": 4
    },
    "minecraft:custom": {
      "minecraft:time_since_rest": 2456,
      "minecraft:walk_one_cm": 2321,
      "minecraft:leave_game": 1,
      "minecraft:mob_kills": 7,
      "minecraft:damage_dealt": 20320,
      "minecraft:play_time": 2456,
      "minecraft:jump": 21,
      "minecraft:time_since_death": 2456,
      "minecraft:drop": 2,
      "minecraft:sprint_one_cm": 1038,
      "minecraft:total_world_time": 2470,
      "minecraft:fly_one_cm": 35677,
      "minecraft:crouch_one_cm": 104,
      "minecraft:sneak_time": 262,
      "minecraft:climb_one_cm": 304
    },
    "minecraft:killed": {
      "minecraft:shulker": 2,
      "minecraft:creeper": 1,
      "minecraft:rabbit": 4
    },
    "minecraft:dropped": {
      "minecraft:rabbit_hide": 3,
      "minecraft:rabbit": 3
    },
    "minecraft:used": {
      "minecraft:netherite_sword": 9
    }
  },
  "DataVersion": 4671
}