{
  "stats": {
    "minecraft:picked_up": {
      "minecraft:diamond": 3
    },
    "minecraft:killed": {
      "minecraft:shulker": 3
    },
    "minecraft:used": {
      "minecraft:netherite_sword": 5
    },
    "minecraft:custom": {
      "minecraft:time_since_rest": 1133,
      "minecraft:walk_one_cm": 296,
      "minecraft:total_world_time": 1154,
      "minecraft:leave_game": 1,
      "minecraft:fly_one_cm": 1412,
      "minecraft:mob_kills": 3,
      "minecraft:sneak_time": 18,
      "minecraft:play_time": 1133,
      "minecraft:damage_dealt": 30000,
      "minecraft:jump": 1,
      "minecraft:time_since_death": 1133
    }
  },
  "DataVersion": 4671
}