{
  "stats": {
    "minecraft:picked_up": {
      "minecraft:diamond": 1
    },
    "minecraft:custom": {
      "minecraft:time_since_rest": 737,
      "minecraft:walk_one_cm": 67,
      "minecraft:total_world_time": 754,
      "minecraft:leave_game": 1,
      "minecraft:fly_one_cm": 1667,
      "minecraft:mob_kills": 1,
      "minecraft:sneak_time": 6,
      "minecraft:play_time": 737,
      "minecraft:damage_dealt": 10000,
      "minecraft:jump": 3,
      "minecraft:time_since_death": 737
    },
    "minecraft:used": {
      "minecraft:netherite_sword": 1
    },
    "minecraft:killed": {
      "minecraft:shulker": 1
    }
  },
  "DataVersion": 4671
}