{
  "stats": {
    "minecraft:killed": {
      "minecraft:shulker": 2
    },
    "minecraft:picked_up": {
      "minecraft:diamond": 2
    },
    "minecraft:used": {
      "minecraft:netherite_sword": 6,
      "minecraft:mace": 14
    },
    "minecraft:custom": {
      "minecraft:time_since_rest": 3387,
      "minecraft:walk_one_cm": 3648,
      "minecraft:leave_game": 1,
      "minecraft:mob_kills": 2,
      "minecraft:play_time": 3387,
      "minecraft:damage_dealt": 23683,
      "minecraft:jump": 10,
      "minecraft:time_since_death": 3387,
      "minecraft:sprint_one_cm": 290,
      "minecraft:total_world_time": 3397,
      "minecraft:fly_one_cm": 175,
      "minecraft:crouch_one_cm": 121,
      "minecraft:sneak_time": 129,
      "minecraft:climb_one_cm": 715
    }
  },
  "DataVersion": 4671
}