{
  "stats": {
    "minecraft:picked_up": {
      "minecraft:diamond": 1
    },
    "minecraft:killed": {
      "minecraft:mannequin": 1
    },
    "minecraft:custom": {
      "minecraft:time_since_rest": 1598,
      "minecraft:walk_one_cm": 20,
      "minecraft:total_world_time": 1759,
      "minecraft:leave_game": 1,
      "minecraft:fly_one_cm": 403,
      "minecraft:mob_kills": 1,
      "minecraft:play_time": 1598,
      "minecraft:damage_dealt": 10000,
      "minecraft:climb_one_cm": 12,
      "minecraft:jump": 2,
      "minecraft:time_since_death": 1598
    }
  },
  "DataVersion": 4671
}