{
  "stats": {
    "minecraft:used": {
      "minecraft:netherite_sword": 2
    },
    "minecraft:picked_up": {
      "minecraft:diamond": 2
    },
    "minecraft:custom": {
      "minecraft:time_since_rest": 446,
      "minecraft:walk_one_cm": 523,
      "minecraft:total_world_time": 457,
      "minecraft:leave_game": 1,
      "minecraft:fly_one_cm": 2483,
      "minecraft:mob_kills": 1,
      "minecraft:sneak_time": 24,
      "minecraft:play_time": 446,
      "minecraft:damage_dealt": 10000,
      "minecraft:jump": 3,
      "minecraft:time_since_death": 446
    },
    "minecraft:killed": {
      "minecraft:shulker": 1
    }
  },
  "DataVersion": 4671
}