{
  "stats": {
    "minecraft:custom": {
      "minecraft:time_since_rest": 395,
      "minecraft:walk_one_cm": 1876,
      "minecraft:total_world_time": 424,
      "minecraft:leave_game": 1,
      "minecraft:fly_one_cm": 30,
      "minecraft:mob_kills": 2,
      "minecraft:play_time": 395,
      "minecraft:damage_dealt": 15342,
      "minecraft:climb_one_cm": 121,
      "minecraft:jump": 2,
      "minecraft:time_since_death": 395
    },
    "minecraft:picked_up": {
      "minecraft:diamond": 2
    },
    "minecraft:killed": {
      "minecraft:shulker": 2
    },
    "minecraft:used": {
      "minecraft:netherite_sword": 3
    }
  },
  "DataVersion": 4671
}