{
  "stats": {
    "minecraft:picked_up": {
      "minecraft:diamond": 3
    },
    "minecraft:killed": {
      "minecraft:mannequin": 3
    },
    "minecraft:used": {
      "minecraft:mace": 4
    },
    "minecraft:custom": {
      "minecraft:time_since_rest": 1726,
      "minecraft:walk_one_cm": 402,
      "minecraft:total_world_time": 1744,
      "minecraft:leave_game": 1,
      "minecraft:fly_one_cm": 503,
      "minecraft:mob_kills": 3,
      "minecraft:sneak_time": 51,
      "minecraft:play_time": 1726,
      "minecraft:damage_dealt": 30000,
      "minecraft:jump": 5,
      "minecraft:time_since_death": 1726
    }
  },
  "DataVersion": 4671
}