{
  "stats": {
    "minecraft:custom": {
      "minecraft:time_since_rest": 1459,
      "minecraft:walk_one_cm": 472,
      "minecraft:total_world_time": 1468,
      "minecraft:leave_game": 1,
      "minecraft:fly_one_cm": 1080,
      "minecraft:mob_kills": 1,
      "minecraft:sneak_time": 12,
      "minecraft:play_time": 1459,
      "minecraft:damage_dealt": 10973,
      "minecraft:climb_one_cm": 252,
      "minecraft:jump": 10,
      "minecraft:time_since_death": 1459
    },
    "minecraft:used": {
      "minecraft:mace": 7
    },
    "minecraft:killed": {
      "minecraft:shulker": 1
    }
  },
  "DataVersion": 4671
}