{
  "stats": {
    "minecraft:custom": {
      "minecraft:time_since_rest": 2734,
      "minecraft:walk_one_cm": 1288,
      "minecraft:total_world_time": 2917,
      "minecraft:leave_game": 1,
      "minecraft:mob_kills": 3,
      "minecraft:sneak_time": 8,
      "minecraft:play_time": 2734,
      "minecraft:damage_dealt": 29997,
      "minecraft:climb_one_cm": 44,
      "minecraft:jump": 12,
      "minecraft:time_since_death": 2734
    },
    "minecraft:picked_up": {
      "minecraft:diamond": 3
    },
    "minecraft:killed": {
      "minecraft:mannequin": 3
    },
    "minecraft:used": {
      "minecraft:mace": 9
    }
  },
  "DataVersion": 4671
}