{
	"schemaVersion": 1,
	"id": "logon-check",
	"version": "${version}",
	"name": "Logon Check",
	"description": "This is an example description! Tell everyone what your mod is about!",
	"authors": [
		"Me!"
	],
	"contact": {
		"homepage": "https://fabricmc.net/",
		"sources": "https://github.com/FabricMC/fabric-example-mod"
	},
	"license": "CC0-1.0",
	"icon": "assets/logon-check/icon.png",
	"environment": "*",
	"entrypoints": {
		"main": [
			"logon.check.swordsmp.LogonCheck"
		],
		"client": [
			"logon.check.swordsmp.LogonCheckClient"
		]
	},
	"mixins": [
		"logon-check.mixins.json",
		{
			"config": "logon-check.client.mixins.json",
			"environment": "client"
		}
	],
	"depends": {
		"fabricloader": ">=0.18.4",
		"minecraft": "~1.21.11",
		"java": ">=21",
		"fabric-api": "*"
	}
}