{
	"schemaVersion": 1,
	"id": "drop-events",
	"version": "${version}",
	"name": "Drop Events",
	"description": "This is an example description! Tell everyone what your mod is about!",
	"authors": [
		"Me!"
	],
	"contact": {
		"homepage": "https://fabricmc.net/",
		"sources": "https://github.com/FabricMC/fabric-example-mod"
	},
	"license": "CC0-1.0",
	"icon": "assets/drop-events/icon.png",
	"environment": "*",
	"entrypoints": {
		"main": [
			"drop.events.swordsmp.DropEvents"
		],
		"client": [
			"drop.events.swordsmp.DropEventsClient"
		]
	},
	"mixins": [
		"drop-events.mixins.json",
		{
			"config": "drop-events.client.mixins.json",
			"environment": "client"
		}
	],
	"depends": {
		"fabricloader": ">=0.18.4",
		"minecraft": "~1.21.11",
		"java": ">=21",
		"fabric-api": "*"
	}
}