{
	"schemaVersion": 1,
	"id": "whitelisting-via-discord",
	"version": "${version}",
	"name": "Whitelisting via discord",
	"description": "This is an example description! Tell everyone what your mod is about!",
	"authors": [
		"Me!"
	],
	"contact": {
		"homepage": "https://fabricmc.net/",
		"sources": "https://github.com/FabricMC/fabric-example-mod"
	},
	"license": "CC0-1.0",
	"icon": "assets/whitelisting-via-discord/icon.png",
	"environment": "*",
	"entrypoints": {
		"main": [
			"whitelisting.swordsmp.WhitelistingViaDiscord"
		],
		"client": [
			"whitelisting.swordsmp.WhitelistingViaDiscordClient"
		]
	},
	"mixins": [
		"whitelisting-via-discord.mixins.json",
		{
			"config": "whitelisting-via-discord.client.mixins.json",
			"environment": "client"
		}
	],
	"depends": {
		"fabricloader": ">=0.18.4",
		"minecraft": "~1.21.11",
		"java": ">=21",
		"fabric-api": "*"
	}
}